"title","first_name","last_name"
"Adaptation Holes","Nick","Wahlberg"
"Apache Divine","Nick","Wahlberg"
"Baby Hall","Nick","Wahlberg"
"Bull Shawshank","Nick","Wahlberg"
"Chainsaw Uptown","Nick","Wahlberg"
"Chisum Behavior","Nick","Wahlberg"
"Destiny Saturday","Nick","Wahlberg"
"Dracula Crystal","Nick","Wahlberg"
"Fight Jawbreaker","Nick","Wahlberg"
"Flash Wars","Nick","Wahlberg"
"Gilbert Pelican","Nick","Wahlberg"
"Goodfellas Salute","Nick","Wahlberg"
"Happiness United","Nick","Wahlberg"
"Indian Love","Nick","Wahlberg"
"Jekyll Frogmen","Nick","Wahlberg"
"Jersey Sassy","Nick","Wahlberg"
"Liaisons Sweet","Nick","Wahlberg"
"Lucky Flying","Nick","Wahlberg"
"Maguire Apache","Nick","Wahlberg"
"Mallrats United","Nick","Wahlberg"
"Mask Peach","Nick","Wahlberg"
"Roof Champion","Nick","Wahlberg"
"Rushmore Mermaid","Nick","Wahlberg"
"Smile Earring","Nick","Wahlberg"
"Wardrobe Phantom","Nick","Wahlberg"
